Sample,Stiffness (MPa),Strength (MPa)
AAA01302018_LP4U,1.5927384794499413,0.14164397616585944
