Sample,Zone,Region,Specimen,Direction,PointID,Strength,Stiffness,MTMLow_,MTMhigh_,MaxStress_,T_Stress_Start_,T_Strain_Start_,T_Stress_End_,T_Strain_End_,Elbow_Region_
AAA01242017,L,A,2,U,nan,0.1543497162313257,1.1871824280552883,0.21356364885286463,,0.15433639576893457,0.025758534034368317,0.10606574999999996,,,False
AAA01242017,R,A,4,U,nan,0.4161338144199042,0.754109762883852,0.13962654519202403,1.4274887680627946,0.4160808302391325,0.01101583693802285,0.07320239999999992,0.0400984082925485,0.12322039999999994,True,0.13962654519202403,1.4274887680627946,0.4160808302391325,0.01101583693802285,0.07320239999999992,0.0400984082925485,0.12322039999999994,True
