Sample,Zone,Region,Specimen,Direction,PointID,Strength,Stiffness,MTMLow_,MTMhigh_,MaxStress_,T_Stress_Start_,T_Strain_Start_,T_Stress_End_,T_Strain_End_
NIH_BAV_001,2,GC,2,U1,nan,1.7223326209492973,2.873247955530698,0.4211782054828192,2.750373401267547,1.7212865061771505,0.04774004413149998,0.09988999999999981,0.13364273138045665,0.15823999999999985
